{
    "total_runtime": 733.0966935157776,
    "num_documents": 500,
    "input_load_time": 0,
    "workflows": {
        "create_base_text_units": {
            "overall": 0.2572295665740967
        },
        "create_final_documents": {
            "overall": 0.03296065330505371
        },
        "extract_graph": {
            "overall": 4.652402877807617
        },
        "finalize_graph": {
            "overall": 0.062482357025146484
        },
        "create_communities": {
            "overall": 0.08606433868408203
        },
        "create_final_text_units": {
            "overall": 0.07284784317016602
        },
        "create_community_reports": {
            "overall": 703.2985396385193
        },
        "generate_text_embeddings": {
            "overall": 24.481714010238647
        }
    }
}